WeatherPy_Database,City,Country,Lat,Lng,Max Temp,Humidity,Cloudiness,Wind Speed,Current Description
0,Axim,GH,4.8699,-2.2405,76.96,89,92,5.57,light rain
1,Saint Anthony,US,45.0205,-93.218,46.78,88,1,0.0,clear sky
2,Rikitea,PF,-23.1203,-134.9692,75.24,82,99,16.11,light rain
3,Karema,TZ,-6.8205,30.4389,74.23,71,70,4.59,light rain
4,Waverley,ZA,-25.7023,28.2591,64.53,78,0,4.27,clear sky
5,Oga,IT,46.4631,10.347,30.69,48,24,6.26,few clouds
6,Coquimbo,CL,-29.9533,-71.3436,55.13,94,90,3.44,overcast clouds
7,Hermanus,ZA,-34.4187,19.2345,59.9,86,68,1.95,broken clouds
8,Mataura,NZ,-46.1927,168.8643,74.32,39,78,4.18,broken clouds
9,Airai,TL,-8.9266,125.4092,81.18,38,99,2.15,overcast clouds
10,Kapaa,US,22.0752,-159.319,75.18,92,24,5.75,light rain
11,Kloulklubed,PW,7.0419,134.2556,85.1,76,100,15.93,overcast clouds
12,Bronnoysund,NO,65.4625,12.1997,53.6,66,20,14.97,few clouds
13,Bukama,CD,-9.2,25.85,68.7,93,12,2.82,light rain
14,Ushuaia,AR,-54.8,-68.3,40.66,70,20,20.71,few clouds
15,Balkanabat,TM,39.5108,54.3671,56.46,44,100,1.61,overcast clouds
16,Lebu,CL,-37.6167,-73.65,52.93,90,90,20.24,overcast clouds
17,Jimo,CN,36.3897,120.4622,65.98,55,2,2.24,haze
18,Salalah,OM,17.0151,54.0924,79.81,61,14,2.13,few clouds
19,Bulungu,CD,-4.55,18.6,66.15,98,96,0.45,overcast clouds
20,Port Elizabeth,ZA,-33.918,25.5701,63.1,94,75,19.57,broken clouds
21,Punta Arenas,CL,-53.15,-70.9167,41.11,65,0,8.05,clear sky
22,Keffi,NG,8.8486,7.8736,71.69,68,84,2.71,broken clouds
23,Hilo,US,19.7297,-155.09,78.53,75,40,5.75,scattered clouds
24,Inuvik,CA,68.3499,-133.7218,25.66,93,90,1.14,overcast clouds
25,Butaritari,KI,3.0707,172.7902,82.92,70,5,15.77,clear sky
26,Westport,US,41.1415,-73.3579,55.74,92,100,15.01,light rain
27,Saldanha,ZA,-33.0117,17.9442,55.45,90,0,8.77,clear sky
28,New Norfolk,AU,-42.7826,147.0587,58.91,45,57,5.01,broken clouds
29,Georgetown,MY,5.4112,100.3354,88.9,78,40,8.99,scattered clouds
30,Grand Gaube,MU,-20.0064,57.6608,74.37,91,58,5.7,broken clouds
31,Hobart,AU,-42.8794,147.3294,59.25,46,40,4.0,scattered clouds
32,Boyolangu,ID,-8.1181,111.8935,84.69,69,100,8.1,overcast clouds
33,Atuona,PF,-9.8,-139.0333,78.06,67,5,11.03,clear sky
34,Provideniya,RU,64.3833,-173.3,11.57,69,82,4.07,broken clouds
35,Batagay,RU,67.6333,134.6333,11.61,96,98,2.77,overcast clouds
36,North Bend,US,43.4065,-124.2243,53.51,93,40,9.22,scattered clouds
37,Victoria,HK,22.2855,114.1577,80.26,82,98,5.01,overcast clouds
38,Lokosovo,RU,61.1333,74.8167,18.12,86,99,17.72,overcast clouds
39,Yongan,CN,39.6957,113.6871,50.9,31,22,8.77,few clouds
40,Mar Del Plata,AR,-38.0023,-57.5575,61.88,98,20,18.99,few clouds
41,Puerto Ayora,EC,-0.7393,-90.3518,69.94,89,77,8.81,broken clouds
42,Tautira,PF,-17.7333,-149.15,80.62,77,64,14.81,light rain
43,Nhulunbuy,AU,-12.2333,136.7667,90.21,55,20,12.66,few clouds
44,Brae,GB,60.3964,-1.353,49.91,85,99,19.69,overcast clouds
45,East London,ZA,-33.0153,27.9116,58.14,88,20,8.05,few clouds
46,Busselton,AU,-33.65,115.3333,71.04,51,6,6.85,clear sky
47,Naraina,IN,26.7833,75.2,71.74,24,0,4.76,clear sky
48,Rocha,UY,-34.4833,-54.3333,61.45,97,26,10.58,scattered clouds
49,Dokri,PK,27.3743,68.0967,84.69,16,0,2.48,clear sky
50,Bredasdorp,ZA,-34.5322,20.0403,58.32,88,96,4.61,overcast clouds
51,Vila Franca Do Campo,PT,37.7167,-25.4333,73.2,93,84,22.35,broken clouds
52,Cidreira,BR,-30.1811,-50.2056,68.13,89,100,22.35,overcast clouds
53,Henties Bay,NA,-22.116,14.2845,55.85,89,0,3.53,clear sky
54,Vaini,TO,-21.2,-175.2,73.56,94,90,6.91,light rain
55,Alta Floresta,BR,-9.8756,-56.0861,72.73,83,51,3.42,broken clouds
56,Havelock,US,34.8791,-76.9013,67.95,66,34,10.78,scattered clouds
57,Lagoa,PT,39.05,-27.9833,68.41,89,81,22.21,broken clouds
58,Karsava,LV,56.7841,27.6883,44.65,94,76,8.03,broken clouds
59,Shetpe,KZ,44.1667,52.1167,45.45,82,93,1.12,overcast clouds
60,Bengkulu,ID,-3.8004,102.2655,85.91,67,93,5.88,overcast clouds
61,Yellowknife,CA,62.456,-114.3525,31.41,94,90,11.5,light snow
62,Port Alfred,ZA,-33.5906,26.891,62.98,79,49,17.54,scattered clouds
63,Adrar,MR,20.5022,-10.0711,75.02,22,100,10.83,overcast clouds
64,Los Llanos De Aridane,ES,28.6585,-17.9182,64.15,81,0,7.0,clear sky
65,Luderitz,NA,-26.6481,15.1594,58.26,77,0,7.58,clear sky
66,Ligayan,PH,4.6533,119.4706,83.28,73,100,3.24,overcast clouds
67,Barrow,US,71.2906,-156.7887,6.4,90,57,8.68,broken clouds
68,Cape Town,ZA,-33.9258,18.4232,62.11,77,75,1.99,broken clouds
69,Ambanja,MG,-13.6833,48.45,67.93,68,58,2.62,broken clouds
70,San Joaquin,US,37.9333,-121.3011,66.36,83,1,0.0,mist
71,Korla,CN,41.7597,86.1469,54.75,29,100,5.32,overcast clouds
72,Caibarien,CU,22.5206,-79.4669,77.2,86,98,9.62,overcast clouds
73,Rio Gallegos,AR,-51.6226,-69.2181,35.65,64,0,9.22,clear sky
74,Hamilton,US,39.1834,-84.5333,57.36,97,90,8.05,light rain
75,Husavik,IS,66.0449,-17.3389,33.71,88,60,4.41,broken clouds
76,Hirara,JP,24.8,125.2833,80.46,65,40,8.05,scattered clouds
77,Salinopolis,BR,-0.6136,-47.3561,77.68,85,51,8.75,broken clouds
78,Poso,ID,-1.3959,120.7524,86.5,66,35,5.86,scattered clouds
79,Sumbe,AO,-11.2061,13.8437,74.71,86,98,3.22,light rain
80,Yulara,AU,-25.2406,130.9889,64.24,48,90,17.27,light rain
81,Wucheng,CN,29.6008,118.175,72.41,52,2,3.18,clear sky
82,Cabo San Lucas,MX,22.8909,-109.9124,79.52,68,0,3.0,clear sky
83,Tiksi,RU,71.6872,128.8694,-2.47,98,97,7.56,overcast clouds
84,Hervey Bay,AU,-25.2986,152.8535,86.11,80,58,18.68,broken clouds
85,Arraial Do Cabo,BR,-22.9661,-42.0278,69.08,88,100,14.65,overcast clouds
86,Dikson,RU,73.5069,80.5464,7.43,89,100,15.79,overcast clouds
87,Talcahuano,CL,-36.7167,-73.1167,56.88,72,0,5.75,clear sky
88,Ilebo,CD,-4.3167,20.5833,69.31,92,99,0.74,overcast clouds
89,Bluff,NZ,-46.6,168.3333,62.94,68,95,5.06,overcast clouds
90,Hun,LY,29.1268,15.9477,64.47,40,1,4.0,clear sky
91,Tuktoyaktuk,CA,69.4541,-133.0374,24.8,100,90,4.61,light snow
92,Suzun,RU,53.7841,82.3116,34.84,95,100,10.85,light rain
93,Vaitape,PF,-16.5167,-151.75,78.85,73,19,16.4,few clouds
94,Northam,GB,51.0333,-4.2167,52.3,95,100,12.93,moderate rain
95,Kirtipur,NP,27.6667,85.2833,66.13,63,20,0.0,mist
96,Ortakoy,TR,38.7373,34.0387,30.45,91,1,4.03,clear sky
97,Faanui,PF,-16.4833,-151.75,78.91,72,22,16.37,few clouds
98,Kodiak,US,57.79,-152.4072,46.27,95,100,27.49,moderate rain
99,Jamestown,US,42.097,-79.2353,48.29,96,90,3.0,overcast clouds
100,Waharoa,NZ,-37.7667,175.7667,68.32,88,93,12.59,light rain
101,Severo-Kurilsk,RU,50.6789,156.125,41.67,82,55,19.51,broken clouds
102,Ilulissat,GL,69.2167,-51.1,22.19,93,100,6.24,overcast clouds
103,Tete,MZ,-16.1564,33.5867,69.13,56,22,3.4,few clouds
104,Bethel,US,41.3712,-73.414,52.05,90,98,4.0,moderate rain
105,Bambous Virieux,MU,-20.3428,57.7575,73.22,94,75,3.44,light rain
106,Bay Saint Louis,US,30.3088,-89.33,58.01,81,69,10.18,broken clouds
107,Bonthe,SL,7.5264,-12.505,75.6,91,100,5.08,moderate rain
108,Dwarka,IN,22.2394,68.9678,82.8,44,39,9.06,scattered clouds
109,Caravelas,BR,-17.7125,-39.2481,71.69,90,40,3.83,scattered clouds
110,Batagay-Alyta,RU,67.8006,130.4114,-2.4,86,43,4.05,scattered clouds
111,Jarvenpaa,FI,60.4737,25.0899,48.69,82,90,10.36,overcast clouds
112,Torbay,CA,47.6666,-52.7314,40.57,95,90,14.97,light intensity drizzle
113,Parintins,BR,-2.6283,-56.7358,76.78,74,7,2.28,clear sky
114,Kizilskoye,RU,52.7255,58.8937,34.2,76,100,8.68,overcast clouds
115,Padang,ID,-0.9492,100.3543,86.05,74,78,4.05,broken clouds
116,Sasovo,RU,54.3537,41.9199,43.81,93,55,10.8,broken clouds
117,Mantua,IT,45.1667,10.7833,47.82,93,38,5.19,scattered clouds
118,Eldorado,BR,-23.7869,-54.2836,72.09,91,77,5.14,broken clouds
119,Constitucion,CL,-35.3333,-72.4167,58.28,62,99,9.44,overcast clouds
120,Kavaratti,IN,10.5669,72.642,81.79,73,88,3.58,moderate rain
121,Saint-Philippe,RE,-21.3585,55.7679,76.59,76,47,6.58,scattered clouds
122,Jizan,SA,17.3333,42.6667,79.74,39,0,5.28,clear sky
123,Mailsi,PK,29.8003,72.1758,81.66,20,1,4.85,clear sky
124,San Cristobal,VE,7.7669,-72.225,68.18,97,100,1.79,overcast clouds
125,Komsomolskiy,UZ,40.4272,71.7189,47.62,70,0,2.3,clear sky
126,Baykit,RU,61.67,96.37,31.15,93,100,7.14,light snow
127,Touros,BR,-5.1989,-35.4608,77.9,79,26,12.19,scattered clouds
128,Fairbanks,US,64.8378,-147.7164,21.16,88,75,0.0,light snow
129,Kamareddi,IN,18.3167,78.35,76.08,62,78,10.51,broken clouds
130,Malakal,SS,9.5334,31.6605,74.98,70,27,2.08,scattered clouds
131,Vestmanna,FO,62.1564,-7.1664,41.92,100,75,1.14,broken clouds
132,Half Moon Bay,US,37.4636,-122.4286,65.89,86,90,1.99,fog
133,Carnarvon,AU,-24.8667,113.6333,75.27,53,0,19.57,clear sky
134,Chinsali,ZM,-10.5414,32.0816,64.94,59,8,2.39,clear sky
135,Birao,CF,10.2849,22.7882,70.61,35,6,2.53,clear sky
136,Dali,CN,25.7,100.1833,68.07,52,2,3.94,clear sky
137,Wenatchee,US,47.4235,-120.3103,48.43,54,1,1.01,clear sky
138,Qaanaaq,GL,77.484,-69.3632,10.26,63,96,9.33,overcast clouds
139,Povenets,RU,62.8487,34.8262,45.81,92,89,7.9,overcast clouds
140,Avarua,CK,-21.2078,-159.775,75.25,64,90,10.36,overcast clouds
141,Pevek,RU,69.7008,170.3133,0.66,92,100,4.09,overcast clouds
142,Nanortalik,GL,60.1432,-45.2371,35.02,82,94,7.65,overcast clouds
143,Hithadhoo,MV,-0.6,73.0833,83.95,71,100,15.7,overcast clouds
144,Gorontalo,ID,0.5412,123.0595,85.93,74,81,2.86,broken clouds
145,Acari,PE,-15.4311,-74.6158,69.69,70,94,1.86,overcast clouds
146,Quelimane,MZ,-17.8786,36.8883,68.81,71,1,1.79,clear sky
147,Trinidad,BO,-14.8333,-64.9,77.22,75,19,3.36,few clouds
148,Fortuna,US,40.5982,-124.1573,59.47,74,90,0.0,overcast clouds
149,Abu Kamal,SY,34.4506,40.9171,67.59,46,100,7.11,overcast clouds
150,Kirakira,SB,-10.4544,161.9205,86.14,70,35,13.58,scattered clouds
151,Birjand,IR,32.8663,59.2211,45.07,36,0,6.91,clear sky
152,Coihaique,CL,-45.5752,-72.0662,37.35,70,0,3.44,clear sky
153,Sitka,US,57.0531,-135.33,42.69,75,90,5.75,light rain
154,Glenwood Springs,US,39.5505,-107.3248,47.43,69,1,1.01,clear sky
155,Ribeira Grande,PT,38.5167,-28.7,70.23,90,89,15.95,overcast clouds
156,Wenling,CN,28.3669,121.36,77.92,63,16,5.03,few clouds
157,Beringovskiy,RU,63.05,179.3167,18.48,94,100,7.47,light snow
158,Zlotow,PL,53.3635,17.0408,36.84,66,7,7.29,clear sky
159,Norman Wells,CA,65.282,-126.8329,24.84,93,75,2.3,light snow
160,Longyearbyen,SJ,78.2186,15.6401,24.64,74,75,11.5,broken clouds
161,Ulladulla,AU,-35.35,150.4667,68.77,44,32,9.55,scattered clouds
162,Shimoda,JP,34.6667,138.95,66.56,54,33,4.18,scattered clouds
163,Zorgo,BF,12.2489,-0.6158,81.95,46,80,5.21,broken clouds
164,Albany,US,42.6001,-73.9662,47.08,79,80,5.01,moderate rain
165,Cayenne,GF,4.9333,-52.3333,82.09,80,20,4.0,few clouds
166,Baruun-Urt,MN,46.6806,113.2792,31.82,38,100,12.55,overcast clouds
167,Nome,US,64.5011,-165.4064,13.15,85,91,6.22,overcast clouds
168,Sao Filipe,CV,14.8961,-24.4956,78.22,75,99,8.14,overcast clouds
169,Narsaq,GL,60.9167,-46.05,25.11,80,68,4.38,broken clouds
170,Leningradskiy,RU,69.3833,178.4167,-12.1,94,21,5.01,few clouds
171,Kaitangata,NZ,-46.2817,169.8464,68.22,54,38,13.98,scattered clouds
172,Shelburne,CA,44.0787,-80.2041,45.82,94,100,12.01,overcast clouds
173,Angoche,MZ,-16.2325,39.9086,73.0,66,1,6.29,clear sky
174,Bay Roberts,CA,47.5999,-53.2648,41.32,91,98,11.01,overcast clouds
175,Grindavik,IS,63.8424,-22.4338,44.55,87,75,10.36,broken clouds
176,Manicore,BR,-5.8092,-61.3003,75.78,82,40,1.63,scattered clouds
177,Saint-Joseph,RE,-21.3667,55.6167,75.58,76,45,7.2,scattered clouds
178,Karaton,ID,-6.3424,106.1045,87.96,60,93,2.46,overcast clouds
179,Guilin,CN,25.2819,110.2864,68.11,77,98,2.28,overcast clouds
180,Boralday,KZ,43.3578,76.8594,48.06,76,40,2.24,scattered clouds
181,Micheweni,TZ,-4.9667,39.8333,79.68,73,96,5.1,overcast clouds
182,Tyrma,RU,50.0833,132.1667,43.9,62,100,5.7,overcast clouds
183,Solnechnyy,RU,50.7214,136.6319,43.03,64,100,1.68,overcast clouds
184,Castro,BR,-24.7911,-50.0119,57.52,95,98,9.62,overcast clouds
185,Ahipara,NZ,-35.1667,173.1667,60.55,95,100,14.07,moderate rain
186,Muskogee,US,35.5834,-95.3336,50.45,93,5,6.22,clear sky
187,Placido De Castro,BR,-10.3353,-67.1856,77.92,67,46,2.59,scattered clouds
188,Atar,MR,20.5169,-13.0499,77.45,38,78,6.29,broken clouds
189,Killarney,IE,52.05,-9.5167,42.87,92,8,4.5,clear sky
190,Clyde River,CA,70.4692,-68.5914,26.65,97,100,2.95,light snow
191,Praia Da Vitoria,PT,38.7333,-27.0667,71.85,83,40,13.87,scattered clouds
192,Aloleng,PH,16.1307,119.7824,86.4,56,93,3.94,overcast clouds
193,Katherine,AU,-14.4667,132.2667,95.32,43,75,8.05,broken clouds
194,Suez,EG,29.9737,32.5263,70.61,79,100,7.61,overcast clouds
195,Umm Lajj,SA,25.0213,37.2685,81.43,43,8,10.07,clear sky
196,Petropavlovsk-Kamchatskiy,RU,53.0452,158.6483,46.99,53,0,4.47,clear sky
197,Cherskiy,RU,68.75,161.3,-11.99,97,100,0.65,overcast clouds
198,Buala,SB,-8.145,159.5921,85.73,71,66,10.54,light rain
199,Gari,RU,59.4307,62.3497,22.78,93,100,11.07,light snow
200,Tura,IN,25.5198,90.2201,78.31,54,13,3.91,few clouds
201,Sur,OM,22.5667,59.5289,81.79,42,16,3.62,few clouds
202,Port Lincoln,AU,-34.7333,135.8667,59.52,51,35,8.28,scattered clouds
203,Ostrovnoy,RU,68.0531,39.5131,31.5,88,85,15.14,overcast clouds
204,Bathsheba,BB,13.2167,-59.5167,79.41,73,20,9.22,few clouds
205,Tuatapere,NZ,-46.1333,167.6833,63.28,76,100,8.93,overcast clouds
206,Marystown,CA,47.1666,-55.1483,42.85,100,97,3.0,overcast clouds
207,Pombia,IT,45.653,8.6336,52.45,90,75,5.75,mist
208,Encheng,CN,22.1839,112.3026,78.96,63,94,8.7,overcast clouds
209,Belaya Gora,RU,68.5333,146.4167,4.62,93,100,6.96,overcast clouds
210,Balabac,PH,7.9868,117.0645,85.44,72,98,9.73,overcast clouds
211,Chabahar,IR,25.2919,60.643,81.21,48,0,4.79,clear sky
212,Taylors,US,34.9204,-82.2962,52.66,94,90,1.99,overcast clouds
213,Christchurch,NZ,-43.5333,172.6333,63.95,74,20,8.99,few clouds
214,Chokurdakh,RU,70.6333,147.9167,-14.91,100,98,2.82,overcast clouds
215,Isangel,VU,-19.55,169.2667,84.31,74,75,0.0,broken clouds
216,Navolato,MX,24.7672,-107.6944,76.64,79,0,1.86,clear sky
217,Shubarshi,KZ,48.5872,57.1869,43.25,79,100,3.87,overcast clouds
218,Tongren,CN,27.7172,109.1853,68.47,58,18,2.1,few clouds
219,Burnie,AU,-41.0667,145.9167,60.93,49,71,12.62,broken clouds
220,Yerbogachen,RU,61.2767,108.0108,25.92,92,100,9.55,light snow
221,Waipawa,NZ,-41.4122,175.5153,60.46,57,19,14.16,few clouds
222,Qostanay,KZ,53.1667,63.5833,21.49,86,40,2.24,scattered clouds
223,Qui Nhon,VN,13.7667,109.2333,81.23,82,52,9.64,broken clouds
224,Iqaluit,CA,63.7506,-68.5145,38.93,74,90,11.99,overcast clouds
225,Santander De Quilichao,CO,3.0095,-76.4849,68.61,97,98,2.64,overcast clouds
226,Kichmengskiy Gorodok,RU,59.9816,45.7854,43.83,92,100,11.14,overcast clouds
227,Dunda,TZ,-8.1167,34.25,67.51,70,73,0.83,broken clouds
228,Mahebourg,MU,-20.4081,57.7,73.26,94,75,3.44,light rain
229,Nikolskoye,RU,59.7035,30.7861,49.01,93,63,8.32,broken clouds
230,Honiara,SB,-9.4333,159.95,87.17,69,44,10.49,scattered clouds
231,Nueve De Julio,AR,-35.4444,-60.8831,66.7,67,14,11.43,few clouds
232,Sabang,ID,5.8933,95.3214,78.39,85,100,15.77,moderate rain
233,Chapais,CA,49.7834,-74.8492,37.18,73,100,4.59,overcast clouds
234,Kibre Mengist,ET,5.8833,38.9833,53.42,80,42,2.64,scattered clouds
235,Pulandian,CN,39.3953,121.9669,59.13,58,88,6.71,light rain
236,Kolokani,ML,13.5728,-8.0339,79.12,56,68,3.91,broken clouds
237,Santa Cruz De La Palma,ES,28.6835,-17.7642,68.14,64,0,8.05,clear sky
238,Tual,ID,-5.6667,132.75,84.15,71,84,7.14,very heavy rain
239,Lazaro Cardenas,MX,17.9583,-102.2,78.12,83,41,2.37,scattered clouds
240,College,US,64.8569,-147.8028,20.21,89,40,0.0,scattered clouds
241,Ponta Do Sol,PT,32.6667,-17.1,70.72,71,34,9.08,scattered clouds
242,Tasiilaq,GL,65.6145,-37.6368,13.57,67,43,8.23,scattered clouds
243,Skibotn,NO,69.3913,20.2679,31.46,87,100,1.9,overcast clouds
244,Talcher,IN,20.95,85.2167,83.73,63,38,2.21,scattered clouds
245,Nova Venecia,BR,-18.7106,-40.4006,68.99,95,73,2.98,broken clouds
246,Agadez,NE,19.75,10.25,74.41,20,31,9.93,scattered clouds
247,Hualmay,PE,-11.0964,-77.6139,62.94,86,52,6.98,broken clouds
248,Avera,US,33.194,-82.5271,55.71,73,83,9.95,broken clouds
249,Souillac,MU,-20.5167,57.5167,73.36,94,75,3.44,broken clouds
250,Moron,AR,-34.6534,-58.6198,75.09,75,14,9.42,few clouds
251,Talnakh,RU,69.4865,88.3972,18.41,95,100,7.7,overcast clouds
252,Brokopondo,SR,4.75,-55.1667,75.47,91,16,7.05,few clouds
253,Flinders,AU,-34.5833,150.8552,67.21,49,69,8.01,broken clouds
254,Cockburn Town,TC,21.4612,-71.1419,82.53,70,34,14.67,scattered clouds
255,Kashary,RU,49.04,41.0056,38.64,84,4,1.12,clear sky
256,Severo-Yeniseyskiy,RU,60.3725,93.0408,28.92,90,100,13.62,light snow
257,Okha,RU,53.5739,142.9478,34.99,92,96,17.43,overcast clouds
258,Luebo,CD,-5.35,21.4167,68.23,97,95,0.09,overcast clouds
259,Wamba,NG,8.9333,8.6,71.58,63,76,3.56,broken clouds
260,Lata,PT,40.1629,-8.3327,63.05,98,100,3.58,light rain
261,Riyadh,SA,24.6877,46.7219,71.74,36,99,7.94,overcast clouds
262,Auki,SB,-8.7676,160.7034,87.39,62,95,6.46,overcast clouds
263,Klaksvik,FO,62.2266,-6.589,43.72,80,100,10.74,overcast clouds
264,Portland,US,45.5234,-122.6762,50.14,88,36,1.01,scattered clouds
265,Trairi,BR,-3.2778,-39.2689,79.2,80,47,8.79,scattered clouds
266,Livingston,GB,55.9029,-3.5226,47.68,89,40,8.05,moderate rain
267,Luancheng,CN,37.8792,114.6517,68.16,32,16,5.21,few clouds
268,Haines Junction,CA,60.7522,-137.5108,22.95,80,89,1.14,overcast clouds
269,Coro,VE,11.4045,-69.6734,79.34,86,100,7.67,overcast clouds
270,Vila Velha,BR,-20.3297,-40.2925,73.35,88,90,11.5,overcast clouds
271,Yar-Sale,RU,66.8333,70.8333,12.29,91,100,21.41,overcast clouds
272,Puerto Penasco,MX,31.3167,-113.5333,74.91,78,0,3.0,clear sky
273,Hai Duong,VN,20.9333,106.3167,71.6,87,100,7.16,overcast clouds
274,Pimentel,PE,-6.8367,-79.9342,62.91,89,96,10.76,overcast clouds
275,Narvik,NO,68.4384,17.4272,41.59,79,100,6.93,overcast clouds
276,Hyeres,FR,43.1167,6.1167,64.15,85,75,16.11,broken clouds
277,Kamina,CD,-8.7386,24.9906,62.92,97,20,3.27,few clouds
278,Hasaki,JP,35.7333,140.8333,70.29,45,6,4.92,clear sky
279,Tazovskiy,RU,67.4667,78.7,14.22,93,97,3.36,overcast clouds
280,Walvis Bay,NA,-22.9575,14.5053,56.08,100,0,10.36,clear sky
281,Cranbrook,CA,49.4999,-115.7688,37.24,87,20,4.61,few clouds
282,Capoterra,IT,39.1763,8.9718,53.56,90,0,4.61,clear sky
283,Thompson,CA,55.7435,-97.8558,33.96,93,40,2.3,scattered clouds
284,Upernavik,GL,72.7868,-56.1549,19.83,62,0,7.74,clear sky
285,Japura,ID,-0.3167,102.35,90.5,55,100,3.0,overcast clouds
286,Saskylakh,RU,71.9167,114.0833,-6.05,96,98,9.37,overcast clouds
287,Beloha,MG,-25.1667,45.05,67.33,59,79,15.88,broken clouds
288,Jalu,LY,29.0331,21.5482,65.26,76,0,7.16,clear sky
289,Alyangula,AU,-13.8483,136.4192,93.07,52,40,11.5,scattered clouds
290,Nioro,GM,13.35,-15.75,77.74,79,98,4.21,overcast clouds
291,Muncar,ID,-8.4333,114.3333,85.62,70,96,6.87,overcast clouds
292,Khatanga,RU,71.9667,102.5,6.82,88,100,6.67,overcast clouds
293,Labuhan,ID,-6.8844,112.2051,88.34,61,94,4.76,overcast clouds
294,Perehonivka,UA,48.5355,30.5192,40.93,86,4,6.46,clear sky
295,Hami,CN,42.8,93.45,55.18,32,92,3.44,overcast clouds
296,Barga,IT,44.0742,10.4808,50.04,87,31,3.31,scattered clouds
297,Svetlogorsk,BY,52.6333,29.7333,43.32,93,10,8.19,clear sky
298,Mount Isa,AU,-20.7333,139.5,82.17,32,99,3.44,overcast clouds
299,Margherita,IN,27.2833,95.6833,78.28,57,29,2.21,scattered clouds
300,Fort Dodge,US,42.4975,-94.168,44.6,81,1,3.44,clear sky
301,Thunder Bay,CA,48.4001,-89.3168,38.28,100,1,0.0,fog
302,Geraldton,AU,-28.7667,114.6,79.21,34,0,14.97,clear sky
303,Baryatino,RU,54.3121,34.521,42.13,96,71,8.01,broken clouds
304,Akcakoca,TR,41.0866,31.1162,51.24,75,0,2.77,clear sky
305,Atlantic Beach,US,30.3344,-81.3987,64.98,89,80,1.01,broken clouds
306,Dhidhdhoo,MV,6.8833,73.1,81.7,73,100,7.05,overcast clouds
307,Taltal,CL,-25.4,-70.4833,60.49,78,26,2.35,scattered clouds
308,Kruisfontein,ZA,-34.0033,24.7314,60.89,83,3,14.23,clear sky
309,Nianzishan,CN,47.5167,122.8833,39.16,48,100,21.36,overcast clouds
310,Jinxiang,CN,27.4327,120.6062,70.02,66,41,4.07,scattered clouds
311,Nanning,CN,22.8167,108.3167,66.65,90,100,5.26,light rain
312,Bridlington,GB,54.0831,-0.1919,51.98,87,84,19.6,broken clouds
313,Tabas,IR,33.5959,56.9244,67.91,24,10,1.07,clear sky
314,Pacific Grove,US,36.6177,-121.9166,65.61,91,90,3.0,overcast clouds
315,Tiarei,PF,-17.5333,-149.3333,80.62,75,15,15.41,few clouds
316,Muyezerskiy,RU,63.9333,31.65,43.57,98,100,7.16,overcast clouds
317,Dingle,PH,10.9995,122.6711,82.8,78,98,10.92,light rain
318,Nantucket,US,41.2835,-70.0995,54.14,81,47,22.12,scattered clouds
319,Kawalu,ID,-7.3817,108.2082,83.01,74,100,4.68,overcast clouds
320,Mayo,US,38.8876,-76.5119,60.98,95,69,1.99,moderate rain
321,Raton,US,36.9034,-104.4391,50.58,39,0,4.0,clear sky
322,Chekhov,RU,55.1431,37.4711,50.09,94,93,9.44,overcast clouds
323,Margate,GB,51.3813,1.3862,55.31,82,99,5.01,overcast clouds
324,Hokitika,NZ,-42.7167,170.9667,61.12,71,51,7.87,broken clouds
325,Ardakan,IR,32.31,54.0175,57.58,30,31,6.33,scattered clouds
326,Lamu,KE,-2.2717,40.902,73.62,75,13,6.46,few clouds
327,Kiama,AU,-34.6833,150.8667,66.38,51,76,1.99,broken clouds
328,Hearst,CA,49.6835,-83.6665,43.05,98,88,4.16,overcast clouds
329,Goderich,CA,43.7501,-81.7165,48.9,81,100,12.66,overcast clouds
330,Kinablangan,PH,7.6947,126.5503,85.19,72,67,7.58,broken clouds
331,Imeni Poliny Osipenko,RU,52.4201,136.4853,36.1,81,100,17.09,overcast clouds
332,Asau,RO,46.4333,26.4,40.28,96,0,1.99,clear sky
333,Forio,IT,40.7342,13.8646,62.82,79,88,3.0,overcast clouds
334,Srandakan,ID,-7.9386,110.2506,84.4,72,100,10.04,moderate rain
335,Port-Gentil,GA,-0.7193,8.7815,79.14,84,99,7.47,moderate rain
336,Valparaiso,CL,-33.0393,-71.6273,49.64,93,0,0.0,clear sky
337,Diamantino,BR,-14.4086,-56.4461,75.97,74,98,2.51,overcast clouds
338,La Ligua,CL,-32.4524,-71.2311,47.98,81,3,0.29,clear sky
339,Sinnamary,GF,5.3833,-52.95,78.69,85,18,8.43,few clouds
340,Hambantota,LK,6.1241,81.1185,82.74,89,40,4.61,scattered clouds
341,Hovd,MN,48.0056,91.6419,39.94,32,5,2.28,clear sky
342,Roma,US,43.2128,-75.4557,48.83,69,100,1.01,light rain
343,Sayyan,YE,15.1718,44.3244,50.74,42,0,6.91,clear sky
344,Wanning,CN,18.8003,110.3967,79.14,86,56,8.72,light rain
345,Kununurra,AU,-15.7667,128.7333,96.78,44,10,10.36,clear sky
346,Katsuura,JP,35.1333,140.3,66.24,50,21,4.76,few clouds
347,Sola,VU,-13.8833,167.55,88.47,70,75,5.75,broken clouds
348,Saint-Augustin,CA,51.226,-58.6502,39.72,54,0,3.51,clear sky
349,Pisco,PE,-13.7,-76.2167,61.02,88,0,12.66,clear sky
350,Umm Kaddadah,SD,13.6017,26.6876,78.06,19,18,10.45,few clouds
351,Puerto Escondido,MX,15.85,-97.0667,79.86,84,47,3.87,scattered clouds
352,Urengoy,RU,65.9667,78.3667,3.02,100,72,3.58,broken clouds
353,Changde,CN,29.0464,111.6783,70.79,49,2,1.81,clear sky
354,Ugento,IT,39.9263,18.1574,56.46,74,94,7.81,overcast clouds
355,Alekseyevsk,RU,57.8406,108.3492,34.84,37,100,8.16,overcast clouds
356,Nouadhibou,MR,20.931,-17.0347,67.98,77,0,14.97,clear sky
357,Portobelo,PA,9.55,-79.65,76.62,84,100,5.68,overcast clouds
358,Iguape,BR,-24.7081,-47.5553,67.84,94,42,5.99,scattered clouds
359,Terrak,NO,65.087,12.3715,53.47,87,100,8.79,overcast clouds
360,Orlik,RU,52.5178,99.825,31.93,58,77,3.69,broken clouds
361,Shebunino,RU,46.4339,141.8603,50.86,62,0,9.42,clear sky
362,Namibe,AO,-15.1961,12.1522,65.7,85,38,1.59,scattered clouds
363,Kahului,US,20.8947,-156.47,79.86,81,41,5.99,scattered clouds
364,Kamaishi,JP,39.2667,141.8833,59.95,59,2,6.06,clear sky
365,Port Arthur,CN,38.8,121.2667,60.91,91,59,6.69,broken clouds
366,Salinas,US,36.6777,-121.6555,66.0,84,40,9.22,scattered clouds
367,Wewak,PG,-3.5534,143.6268,85.17,72,77,8.28,broken clouds
368,Olafsvik,IS,64.8945,-23.7142,39.67,89,100,24.79,overcast clouds
369,Srednekolymsk,RU,67.45,153.6833,3.16,96,100,4.81,overcast clouds
370,Springdale,US,36.1867,-94.1288,49.82,90,90,5.99,overcast clouds
371,Okato,NZ,-39.2,173.8833,60.42,94,72,13.11,light rain
372,Lerwick,GB,60.1545,-1.1494,50.0,85,100,20.56,overcast clouds
373,Dutse,NG,11.7594,9.3392,73.53,23,86,4.63,overcast clouds
374,Itauna,BR,-20.0753,-44.5764,64.99,87,51,4.59,broken clouds
375,Acapulco,MX,16.8634,-99.8901,79.3,86,22,3.8,few clouds
376,Taoudenni,ML,22.6783,-3.9836,78.24,18,92,9.35,overcast clouds
377,Itaituba,BR,-4.2761,-55.9836,75.29,82,46,1.34,scattered clouds
378,Porto Walter,BR,-8.2686,-72.7439,71.53,96,14,1.9,few clouds
379,Quatre Cocos,MU,-20.2078,57.7625,73.09,80,72,5.73,broken clouds
380,Deputatskiy,RU,69.3,139.9,7.07,90,100,6.46,overcast clouds
381,Kikwit,CD,-5.041,18.8162,67.21,99,86,0.67,overcast clouds
382,Masumbwe,TZ,-3.6333,32.1833,70.68,64,80,2.28,broken clouds
383,Saint-Donat-De-Montcalm,CA,46.3187,-74.2219,40.84,81,65,4.16,broken clouds
384,Caconda,AO,-13.7333,15.0667,63.97,81,100,1.92,overcast clouds
385,Bilma,NE,18.6853,12.9164,75.36,26,6,11.43,clear sky
386,Kimparana,ML,12.8347,-4.9244,82.49,51,97,4.56,overcast clouds
387,Paamiut,GL,61.994,-49.6678,30.36,77,94,4.32,overcast clouds
388,Stillwater,US,36.1156,-97.0584,50.29,60,0,8.01,clear sky
389,Mackay,AU,-21.15,149.2,93.69,55,3,14.97,clear sky
390,Inhambupe,BR,-11.7844,-38.3531,66.25,90,5,2.73,clear sky
391,Kilindoni,TZ,-7.9139,39.6668,78.96,75,96,7.67,overcast clouds
392,New Glasgow,CA,45.5834,-62.6486,49.78,89,4,3.47,clear sky
393,San Ignacio,BZ,17.1561,-89.0714,75.34,88,0,4.61,clear sky
394,Yarmouth,US,41.7057,-70.2286,54.14,82,73,8.01,broken clouds
395,Ketchikan,US,55.3422,-131.6461,43.27,87,90,5.75,light rain
396,Mandla,IN,22.6,80.3833,73.81,45,26,5.32,scattered clouds
397,Aklavik,CA,68.2191,-135.0107,25.63,97,76,4.36,broken clouds
398,Edd,ER,13.9297,41.6925,83.62,53,0,14.2,clear sky
399,San Patricio,US,28.017,-97.5169,71.83,29,0,7.2,clear sky
400,Gamba,GA,-2.65,10.0,76.93,91,97,5.73,light rain
401,Kyrylivka,UA,46.3759,35.3675,49.46,85,4,14.43,clear sky
402,Ajaccio,FR,42.0,8.9167,50.05,93,0,9.22,clear sky
403,Mollendo,PE,-17.0231,-72.0147,63.97,83,56,5.77,broken clouds
404,Namtsy,RU,62.7161,129.6658,10.51,82,88,7.74,overcast clouds
405,Mana,GF,5.6592,-53.7767,78.3,85,52,8.21,broken clouds
406,Sheopur,IN,25.6667,76.7,74.21,41,0,2.28,clear sky
407,Saint George,US,37.1041,-113.5841,67.53,50,1,1.99,clear sky
408,Pangai,TO,-19.8,-174.35,80.71,61,75,14.97,broken clouds
409,Dawei,MM,14.0833,98.2,88.52,62,52,0.69,broken clouds
410,Yumen,CN,40.2833,97.2,49.06,32,4,12.73,clear sky
411,Kashan,IR,33.9831,51.4364,60.51,47,100,4.72,overcast clouds
412,Port Macquarie,AU,-31.4333,152.9167,71.89,74,92,11.48,overcast clouds
413,Kozhva,RU,65.1073,57.0459,17.53,90,100,6.91,overcast clouds
414,Skjervoy,NO,70.0311,20.9714,41.56,65,76,6.58,broken clouds
415,Sabha,LY,27.0377,14.4283,66.13,37,87,6.67,overcast clouds
416,Emba,KZ,48.8264,58.1442,42.06,85,99,4.97,overcast clouds
417,Verkhnevilyuysk,RU,63.4453,120.3167,13.37,71,9,3.11,clear sky
418,Vestmannaeyjar,IS,63.4427,-20.2734,45.99,80,70,14.16,broken clouds
419,Antalaha,MG,-14.9003,50.2788,74.35,82,100,5.97,overcast clouds
420,Saint-Francois,FR,46.4154,3.9054,60.48,73,100,11.5,overcast clouds
421,Liku,ID,-0.7275,119.8922,83.75,79,96,2.15,overcast clouds
422,Bassano Del Grappa,IT,45.7676,11.7357,46.45,69,13,4.12,few clouds
423,Qandala,SO,11.472,49.8728,80.37,70,1,6.26,clear sky
424,Toora-Khem,RU,52.4675,96.11,37.0,59,75,2.39,broken clouds
425,Evensk,RU,61.95,159.2333,20.37,80,100,5.97,overcast clouds
426,Mecca,SA,21.4267,39.8261,80.87,46,0,1.63,clear sky
427,Sorland,NO,67.667,12.6934,46.09,75,100,25.21,overcast clouds
428,Ambilobe,MG,-13.2,49.05,79.97,68,3,1.34,clear sky
429,Mount Gambier,AU,-37.8333,140.7667,57.11,54,75,9.22,broken clouds
430,Safaga,EG,26.7292,33.9365,75.15,41,91,11.01,overcast clouds
431,Kattivakkam,IN,13.2167,80.3167,86.09,71,98,10.51,overcast clouds
432,Cuamba,MZ,-14.8031,36.5372,66.9,57,6,2.57,clear sky
433,Atasu,KZ,48.6814,71.6433,34.02,50,100,9.75,overcast clouds
434,Cedar City,US,37.6775,-113.0619,56.39,39,0,5.64,clear sky
435,Maragogi,BR,-9.0122,-35.2225,74.23,77,11,7.34,few clouds
436,Jiaonan,CN,35.8786,119.9753,66.22,51,0,6.78,clear sky
437,Maceio,BR,-9.6658,-35.7353,72.84,94,0,1.14,clear sky
438,Piopio,NZ,-38.4667,175.0167,63.95,80,71,6.33,light rain
439,Bilibino,RU,68.0546,166.4372,-14.06,91,89,3.89,overcast clouds
440,Zaranj,AF,30.9667,61.8833,48.16,28,19,6.2,few clouds
441,Thabazimbi,ZA,-24.5917,27.4116,66.25,77,47,1.34,scattered clouds
442,Mulhouse,FR,47.6667,7.4167,47.77,91,88,1.99,overcast clouds
443,Samana,DO,19.2056,-69.3369,75.2,83,0,3.62,clear sky
444,Vorontsovka,RU,50.6132,40.3549,37.92,90,11,4.09,few clouds
445,Port Blair,IN,11.6667,92.75,84.24,84,40,5.75,scattered clouds
446,Slyudyanka,RU,51.6594,103.7061,44.49,55,22,2.51,few clouds
447,Cairns,AU,-16.9167,145.7667,95.95,62,3,11.5,clear sky
448,Bajil,YE,15.0584,43.2851,81.36,59,0,1.41,clear sky
449,Multan,PK,30.1956,71.4753,69.69,68,0,0.0,smoke
450,Leeton,AU,-34.5667,146.4,66.11,22,0,17.27,clear sky
451,Hobyo,SO,5.3505,48.5268,80.67,70,45,11.16,light rain
452,Yining,CN,29.0361,114.5636,74.08,52,8,1.63,clear sky
453,Conceicao Da Barra,BR,-18.5933,-39.7322,70.97,90,89,3.15,overcast clouds
454,Berbera,SO,10.4396,45.0143,81.16,58,71,6.89,broken clouds
455,Te Anau,NZ,-45.4167,167.7167,56.61,93,95,4.0,overcast clouds
456,Masuguru,TZ,-11.3667,38.4167,73.67,72,63,5.08,broken clouds
457,Kovur,IN,14.4833,79.9833,82.67,74,100,6.51,overcast clouds
458,Samarai,PG,-10.6167,150.6667,85.32,72,13,11.39,few clouds
459,Lavrentiya,RU,65.5833,-171.0,15.28,83,100,5.88,overcast clouds
460,Xingyi,CN,24.1877,102.817,60.33,90,100,3.33,light rain
461,San Benito Abad,CO,8.929,-75.0271,71.15,95,97,1.12,overcast clouds
462,Vitoria,BR,-20.3194,-40.3378,73.26,88,90,11.5,overcast clouds
463,Kushmurun,KZ,52.4503,64.6311,32.16,52,77,1.54,broken clouds
464,Palmas,BR,-10.2128,-48.3603,82.27,69,0,3.44,clear sky
465,Kavieng,PG,-2.5744,150.7967,85.69,66,90,7.2,light rain
466,Lubumbashi,CD,-11.6609,27.4794,63.19,56,20,3.33,few clouds
467,Esperance,AU,-33.8667,121.9,66.04,51,0,5.64,clear sky
468,Qasigiannguit,GL,68.8193,-51.1922,22.69,91,100,6.35,overcast clouds
469,Kupang,ID,-10.1667,123.5833,91.98,62,40,10.36,light thunderstorm
470,Nara,JP,34.6851,135.8049,67.91,46,18,2.28,few clouds
471,Van,TR,38.4924,43.3831,46.62,84,100,1.63,overcast clouds
472,Khasan,RU,42.4308,130.6434,57.27,60,91,0.36,overcast clouds
473,San Quintin,MX,30.4833,-115.95,64.74,80,0,4.0,clear sky
474,Okahandja,NA,-21.9833,16.9167,64.71,32,2,2.35,clear sky
475,Sulangan,PH,11.1373,123.7228,82.85,77,80,13.27,broken clouds
476,Viedma,AR,-40.8135,-62.9967,71.46,59,100,15.03,overcast clouds
477,Selenduma,RU,50.9131,106.2406,37.54,34,10,5.46,clear sky
478,Vostok,RU,46.4856,135.8833,48.78,41,74,3.04,broken clouds
479,Buchanan,LR,5.8808,-10.0467,75.16,90,98,4.36,light rain
480,Nouakchott,MR,18.0858,-15.9785,76.93,59,96,12.35,overcast clouds
481,Mortka,RU,59.3322,66.0214,20.75,81,93,8.95,overcast clouds
482,Tucuma,BR,-0.1833,-50.05,76.8,91,85,6.73,overcast clouds
483,Chuy,UY,-33.6971,-53.4616,64.18,90,28,11.81,scattered clouds
484,Pangnirtung,CA,66.1451,-65.7125,34.83,97,100,6.31,moderate rain
485,Oranjemund,NA,-28.55,16.4333,57.58,85,0,6.46,clear sky
486,Shahr-E Babak,IR,30.1165,55.1186,58.77,38,88,3.94,overcast clouds
487,Sisimiut,GL,66.9395,-53.6735,30.09,86,100,11.3,overcast clouds
488,Shushtar,IR,32.0455,48.8567,75.58,45,96,7.85,overcast clouds
489,Rawah,IQ,34.4816,41.9093,67.98,42,100,7.85,overcast clouds
490,Petershagen,DE,52.3833,8.9667,54.41,75,75,12.66,broken clouds
491,Ust-Nera,RU,64.5667,143.2,4.96,98,100,2.3,overcast clouds
492,Boundiali,CI,9.5217,-6.4869,71.46,93,82,0.92,light rain
493,Aksarka,RU,66.5606,67.7975,4.32,94,95,3.8,overcast clouds
494,Praia,CV,14.9215,-23.5087,75.74,94,75,8.05,broken clouds
495,Zongolica,MX,18.6667,-96.9833,58.26,87,45,3.06,scattered clouds
496,Talbahat,IN,25.05,78.4333,73.65,40,16,4.54,few clouds
497,Maniitsoq,GL,65.4167,-52.9,32.58,81,100,14.14,overcast clouds
498,Leshukonskoye,RU,64.8989,45.7622,36.64,96,100,9.44,overcast clouds
499,Qaqortoq,GL,60.7167,-46.0333,27.45,88,43,4.14,scattered clouds
500,Calabazar De Sagua,CU,22.6447,-79.8961,73.87,93,97,5.99,overcast clouds
501,Gravdal,NO,68.1214,13.5031,43.93,78,100,14.5,overcast clouds
502,Fernie,CA,49.5,-115.0687,36.57,98,100,1.7,overcast clouds
503,Izumo,JP,35.3667,132.7667,66.15,63,75,5.75,broken clouds
504,Kodinsk,RU,58.6881,99.1844,38.35,69,100,9.13,overcast clouds
505,Nueva Loja,EC,0.0847,-76.8828,70.07,99,100,1.41,overcast clouds
506,Mushie,CD,-3.0167,16.9,70.11,95,99,1.48,overcast clouds
507,Kozluk,TR,38.1938,41.4885,50.25,75,100,4.07,overcast clouds
508,Krasnoselkup,RU,65.7,82.4667,10.33,95,96,8.08,overcast clouds
509,Banjar,ID,-8.19,114.9675,82.26,74,87,0.58,overcast clouds
510,Ahuimanu,US,21.4447,-157.8378,81.75,68,13,6.64,few clouds
511,Waddan,LY,29.1614,16.139,63.73,42,1,2.93,clear sky
512,Agogo,GH,6.8,-1.0819,69.96,99,94,4.25,overcast clouds
513,Penzance,GB,50.1186,-5.5371,49.21,74,77,20.89,broken clouds
514,Batemans Bay,AU,-35.7167,150.1833,71.2,42,51,9.17,broken clouds
515,Miri,MY,4.4148,114.0089,86.14,74,40,5.75,scattered clouds
516,Bichena,ET,10.45,38.2,49.01,56,7,2.01,clear sky
517,Wilmington,US,34.2257,-77.9447,70.86,64,12,6.96,few clouds
518,Darhan,MN,49.4867,105.9228,37.9,33,0,7.52,clear sky
519,Chany,RU,55.3121,76.7647,26.33,58,8,12.44,clear sky
520,Mansa,IN,29.9833,75.3833,76.5,28,0,5.68,clear sky
521,Ottumwa,US,41.02,-92.4113,50.95,87,76,4.0,broken clouds
522,Sioux Lookout,CA,50.1001,-91.917,41.38,100,75,4.61,broken clouds
523,Soto La Marina,MX,23.7667,-98.2167,59.77,41,0,4.5,clear sky
524,Usak,TR,38.5,29.4167,45.25,70,0,7.02,clear sky
525,Port Hedland,AU,-20.3167,118.5667,84.25,48,8,12.66,clear sky
526,Havre-Saint-Pierre,CA,50.2334,-63.5986,41.0,93,1,2.3,clear sky
527,Athabasca,CA,54.7169,-113.2854,32.41,52,1,10.27,clear sky
528,Cordoba,AR,-31.4135,-64.1811,68.85,60,0,6.91,clear sky
529,Mossendjo,CG,-2.9506,12.7261,66.36,95,100,1.95,overcast clouds
530,Mikun,RU,62.3547,50.0771,34.23,98,100,7.07,overcast clouds
531,Poronaysk,RU,49.2167,143.1167,45.32,59,0,5.84,clear sky
532,Ust-Koksa,RU,50.2696,85.6108,38.61,74,100,3.74,overcast clouds
533,Matay,EG,28.419,30.7792,72.46,64,100,7.65,overcast clouds
534,Cape Canaveral,US,28.4058,-80.6048,70.99,84,83,9.73,broken clouds
535,Sibolga,ID,1.7427,98.7792,86.95,62,94,4.94,overcast clouds
536,Shingu,JP,33.7333,135.9833,70.79,57,97,2.28,overcast clouds
537,Gigmoto,PH,13.7796,124.39,84.38,67,78,13.18,broken clouds
538,Dourbali,TD,11.8091,15.8632,79.0,22,81,6.82,broken clouds
539,Ubinskoye,RU,55.3068,79.6802,26.62,56,15,13.47,few clouds
540,Nacala,MZ,-14.5428,40.6728,71.1,68,8,5.1,clear sky
541,Kostomuksha,RU,64.571,30.5767,42.49,99,100,5.35,overcast clouds
542,Tarime,TZ,-1.35,34.3667,66.65,71,93,5.95,overcast clouds
543,Lipany,SK,49.1538,20.9638,51.84,58,6,4.72,clear sky
544,Tibati,CM,6.4667,12.6333,65.98,88,99,0.76,overcast clouds
545,Paita,PE,-5.0892,-81.1144,64.96,84,75,10.71,broken clouds
546,Vardo,NO,70.3705,31.1107,37.51,77,12,23.49,few clouds
547,Strezhevoy,RU,60.7333,77.5889,21.18,85,100,17.96,overcast clouds
548,Pathein,MM,16.7833,94.7333,84.63,77,43,3.89,moderate rain
549,Indian Head,US,38.6001,-77.1622,60.69,89,90,4.61,overcast clouds
550,Mandera,KE,3.9366,41.867,79.63,64,23,9.6,few clouds
551,Baiyin,CN,36.5583,104.2081,52.68,28,26,11.79,scattered clouds
552,Nemuro,JP,43.3236,145.575,54.03,69,89,9.42,overcast clouds
553,Barra,BR,-11.0894,-43.1417,77.38,62,27,9.08,scattered clouds
554,Mahibadhoo,MV,3.7833,72.9667,82.62,74,80,10.4,broken clouds
555,Ancud,CL,-41.8697,-73.8203,44.13,78,7,9.35,clear sky
556,Karratha,AU,-20.7377,116.8463,86.14,25,0,15.77,clear sky
557,Yuancheng,CN,36.652,107.7896,56.17,40,63,3.44,broken clouds
558,Vanavara,RU,60.34,102.2797,33.31,69,100,10.38,overcast clouds
559,Jinka,ET,5.65,36.65,63.45,70,27,3.65,scattered clouds
560,Lodja,CD,-3.4833,23.4333,66.09,99,95,0.72,overcast clouds
561,Zhigansk,RU,66.7697,123.3711,-2.97,99,99,6.33,overcast clouds
562,Sao Joao Da Barra,BR,-21.6403,-41.0511,69.87,89,100,12.62,overcast clouds
563,Atagay,RU,55.1033,99.3875,42.53,49,97,5.44,overcast clouds
564,Bhitarwar,IN,25.8,78.1167,74.3,41,1,4.34,clear sky
565,Russell,US,32.3502,-85.1999,53.2,82,90,6.91,overcast clouds
566,Okhotsk,RU,59.3833,143.3,21.4,63,0,18.66,clear sky
567,Dunedin,NZ,-45.8742,170.5036,59.81,90,40,11.01,scattered clouds
568,Dese,ET,11.1333,39.6333,48.83,58,2,2.91,clear sky
569,Palmer,US,42.1584,-72.3287,48.85,73,72,4.0,broken clouds
570,Coos Bay,US,43.3665,-124.2179,53.85,100,100,9.28,overcast clouds
571,Ornskoldsvik,SE,63.2909,18.7153,40.82,100,20,1.14,fog
572,Makakilo City,US,21.3469,-158.0858,80.56,62,18,5.08,few clouds
573,Xuddur,SO,4.1213,43.8894,71.46,87,42,13.33,scattered clouds
574,La Primavera,CO,5.4906,-70.4092,73.4,97,92,4.14,overcast clouds
575,Warrnambool,AU,-38.3833,142.4833,55.22,58,51,14.97,broken clouds
576,Aden,YE,12.7794,45.0367,83.35,62,5,16.13,clear sky
577,Wattegama,LK,6.7989,81.4808,81.52,89,99,2.1,overcast clouds
578,Clovis,US,36.8252,-119.7029,71.67,83,0,1.99,clear sky
579,Zhangjiakou,CN,40.81,114.8794,52.72,33,3,8.12,clear sky
580,Sidi Ali,DZ,36.0998,0.4206,63.25,67,100,5.73,overcast clouds
581,Fergus Falls,US,46.283,-96.0776,45.86,81,1,1.01,clear sky
582,Amot,NO,59.5714,7.9877,48.51,93,100,5.97,overcast clouds
583,Imbituba,BR,-28.24,-48.6703,71.82,93,75,10.42,broken clouds
584,Fuyang,CN,32.9,115.8167,72.52,45,0,5.53,clear sky
585,Serenje,ZM,-13.2325,30.2352,59.81,53,76,4.88,broken clouds
586,Goiatuba,BR,-18.0125,-49.3547,71.31,70,100,5.39,overcast clouds
587,Klyuchi,RU,52.2667,79.1667,35.33,91,100,12.24,light rain
588,Luan,CH,46.3592,6.9759,43.36,88,63,7.58,broken clouds
589,Mareeba,AU,-17.0,145.4333,91.33,56,12,12.21,few clouds
590,Najran,SA,17.4924,44.1277,59.65,32,0,2.08,clear sky
591,San Rafael,AR,-34.6177,-68.3301,74.32,40,14,12.06,few clouds
592,Salamiyah,SY,35.0113,37.0532,62.29,56,96,5.19,overcast clouds
593,Rion,US,34.3071,-81.1251,53.47,90,90,5.75,overcast clouds
594,Lompoc,US,34.6391,-120.4579,64.78,98,90,0.0,mist
595,Vanimo,PG,-2.6741,141.3028,85.46,73,100,7.85,overcast clouds
596,Santa Clara,CU,22.4,-79.9667,75.97,93,100,4.74,overcast clouds
597,Waingapu,ID,-9.6567,120.2641,88.0,63,15,12.03,few clouds
598,Sarangpur,IN,23.5667,76.4667,72.12,44,100,4.21,overcast clouds
599,Camopi,GF,3.1655,-52.3158,71.62,98,17,1.72,few clouds
600,Egvekinot,RU,66.3167,-179.1667,-1.12,91,95,4.47,overcast clouds
601,Mongo,TD,12.1844,18.693,78.44,17,47,4.36,scattered clouds
602,Kristiansund,NO,63.1115,7.732,57.85,47,90,9.22,overcast clouds
603,Honningsvag,NO,70.9821,25.9704,42.22,70,94,28.32,overcast clouds
604,Coacoyul,MX,17.8058,-99.11,67.23,91,47,4.79,scattered clouds
605,San Matias,BO,-16.3667,-58.4,75.6,81,100,2.39,overcast clouds
606,Villaviciosa,ES,43.4813,-5.4357,61.39,91,100,6.67,overcast clouds
607,Dawlatabad,AF,36.4141,64.9053,55.47,46,0,0.65,clear sky
608,Wasilla,US,61.5814,-149.4394,34.74,69,90,8.01,overcast clouds
609,Svetlyy,RU,54.675,20.1347,42.85,64,8,11.68,clear sky
610,Sargur,IN,11.9833,76.4167,77.58,83,99,7.18,overcast clouds
611,Naryan-Mar,RU,67.6713,53.087,16.25,79,100,10.6,overcast clouds
612,Moses Lake,US,47.1301,-119.2781,46.89,54,0,7.58,clear sky
613,Flin Flon,CA,54.7682,-101.865,35.78,72,99,4.92,overcast clouds
614,Malanville,BJ,11.8685,3.3899,75.42,29,97,4.88,overcast clouds
615,Poum,NC,-20.2333,164.0167,76.12,71,0,10.09,clear sky
616,Amapa,BR,1.0,-52.0,72.16,94,24,2.21,few clouds
617,Ende,ID,-8.8432,121.6623,86.54,69,42,3.62,scattered clouds
618,Remerschen,LU,49.4886,6.3517,54.68,93,75,6.91,light rain
619,Filadelfia,US,39.9523,-75.1638,62.71,92,90,7.0,overcast clouds
620,Visby,SE,57.6409,18.296,45.95,100,40,6.91,fog
621,Kieta,PG,-6.2167,155.6333,84.83,73,100,8.32,light rain
622,Colares,PT,38.7992,-9.4469,69.48,84,100,3.0,light rain
623,Mogadishu,SO,2.0371,45.3438,79.48,75,8,7.99,clear sky
624,Tarakan,ID,3.3,117.6333,85.5,79,75,8.05,broken clouds
625,Tucurui,BR,-3.7661,-49.6725,74.97,86,67,4.36,broken clouds
626,Aksha,RU,50.2814,113.2867,35.44,24,24,2.57,few clouds
627,Zyryanka,RU,65.75,150.85,8.17,93,99,6.08,overcast clouds
628,Usinsk,RU,65.9939,57.5281,5.72,94,97,8.05,overcast clouds
629,Inirida,CO,3.8653,-67.9239,72.63,98,100,1.95,overcast clouds
630,Shambu,ET,9.5667,37.1,48.72,75,12,4.32,few clouds
631,Alugan,PH,12.2188,125.4808,84.58,69,16,13.8,few clouds
632,Karasburg,NA,-28.0167,18.75,57.92,56,0,8.61,clear sky
633,Osinki,RU,52.8432,49.5132,40.06,74,100,14.38,overcast clouds
634,Lorengau,PG,-2.0226,147.2712,85.17,69,95,5.48,overcast clouds
635,Kaili,ID,-3.4626,120.2147,77.31,81,100,2.59,overcast clouds
636,Elban,RU,50.1018,136.5094,45.64,55,100,5.26,overcast clouds
637,Homer,US,59.6425,-151.5483,36.03,95,100,15.66,light rain
638,Longhua,CN,23.6137,114.1919,68.45,82,100,3.22,overcast clouds
639,Peace River,CA,56.2501,-117.286,34.11,55,1,13.8,clear sky
640,Coahuayana,MX,18.7333,-103.6833,77.47,90,34,1.81,scattered clouds
641,Sambava,MG,-14.2667,50.1667,74.46,86,100,8.63,overcast clouds
642,Lagos,NG,6.5833,3.75,77.32,94,99,2.89,overcast clouds
643,Mezhdurechensk,RU,53.6942,88.0603,42.4,59,100,10.83,overcast clouds
644,Kismayo,SO,-0.3582,42.5454,79.81,74,39,9.42,scattered clouds
645,Nizhniy Kuranakh,RU,58.8353,125.4869,21.0,66,100,8.97,overcast clouds
646,Kushima,JP,31.4583,131.2333,74.71,57,45,9.1,scattered clouds
647,Torbat-E Jam,IR,35.244,60.6225,58.03,29,2,1.52,clear sky
648,Norcasia,CO,5.5778,-74.8852,70.16,96,100,1.23,overcast clouds
649,Koudougou,BF,12.25,-2.3667,81.68,49,83,6.93,light rain
650,Soavinandriana,MG,-19.1667,46.7333,59.47,74,95,6.51,overcast clouds
651,Nicoya,CR,10.1483,-85.452,72.95,95,98,1.28,overcast clouds
652,Ashland,US,40.8167,-82.2665,52.66,97,99,8.95,light rain
653,Begunitsy,RU,59.5855,29.3176,46.69,95,76,8.9,broken clouds
654,Nuuk,GL,64.1835,-51.7216,31.87,85,100,4.0,overcast clouds
655,Rockhampton,AU,-23.3833,150.5,93.09,36,40,5.75,scattered clouds
656,Nanakuli,US,21.3906,-158.1547,81.99,71,22,3.89,few clouds
657,Tanggul,ID,-8.1645,113.4525,86.31,69,100,6.13,overcast clouds
658,Khorramshahr,IR,30.4397,48.1664,78.76,89,40,4.61,mist
659,La Ronge,CA,55.1001,-105.2842,32.25,55,1,2.3,clear sky
660,Kemijarvi,FI,66.7131,27.4306,31.24,99,100,2.28,overcast clouds
661,Kabwe,ZM,-14.4469,28.4464,62.96,58,38,4.61,scattered clouds
662,Belle Fourche,US,44.6714,-103.8522,65.34,41,0,8.41,clear sky
663,Saravan,AM,39.7196,45.6483,36.25,92,99,1.21,overcast clouds
664,Sakaiminato,JP,35.55,133.2333,66.18,52,75,8.05,broken clouds
665,Somerset,US,40.5668,-74.5496,61.21,94,90,5.99,overcast clouds
666,Huescar,ES,37.811,-2.5412,62.11,70,99,15.21,overcast clouds
667,Keti Bandar,PK,24.1447,67.4497,83.91,40,5,6.76,clear sky
668,Metro,ID,-5.1131,105.3067,86.45,63,100,3.58,overcast clouds
669,Teya,RU,60.3778,92.6267,32.2,90,100,12.77,light snow
670,Lampazos De Naranjo,MX,27.0167,-100.5167,64.71,30,0,1.92,clear sky
671,Denpasar,ID,-8.65,115.2167,82.06,83,75,4.61,broken clouds
672,Neiafu,TO,-18.65,-173.9833,79.48,78,75,10.36,broken clouds
673,Blagoyevo,RU,63.3667,47.9167,37.76,94,100,10.38,overcast clouds
674,Byron Bay,AU,-28.65,153.6167,84.31,84,23,8.1,few clouds
675,Yelizovo,RU,53.1873,158.3805,48.34,53,0,4.47,clear sky
676,Aswan,EG,24.0934,32.907,74.5,31,0,6.91,clear sky
677,Reconquista,AR,-29.15,-59.65,76.39,57,67,9.42,light rain
678,Bridge City,US,30.0208,-93.8457,57.02,95,1,0.0,clear sky
679,Cedar Rapids,US,42.0083,-91.6441,50.14,88,44,1.99,scattered clouds
680,Astoria,US,46.1879,-123.8313,46.98,90,5,1.99,clear sky
681,Ferkessedougou,CI,9.6,-5.2,73.08,89,49,3.89,scattered clouds
682,Codrington,AU,-38.2667,141.9667,56.62,58,49,14.7,scattered clouds
683,Atambua,ID,-9.1061,124.8925,89.01,51,79,6.29,broken clouds
684,Bud,US,39.447,-86.1758,55.31,98,100,10.87,overcast clouds
685,Jiangyin,CN,31.9282,120.3126,72.99,43,0,5.32,clear sky
686,Parana,AR,-31.732,-60.5238,76.57,68,6,10.04,clear sky
687,Balbalan,PH,17.4414,121.2019,75.25,62,59,4.52,broken clouds
688,Ferrol,ES,43.4832,-8.2369,59.72,89,93,6.82,overcast clouds
689,Necochea,AR,-38.5473,-58.7368,65.03,74,4,14.0,clear sky
690,Kenitra,MA,34.261,-6.5802,59.85,83,55,8.59,broken clouds
691,Merauke,ID,-8.4667,140.3333,86.02,66,100,13.27,overcast clouds
692,Burns Lake,CA,54.2331,-125.7533,24.22,75,8,2.01,clear sky
693,Gushikawa,JP,26.3544,127.8686,79.83,54,25,2.77,scattered clouds
